fecha,titulo,precio
2026-09-25 20:48:20,A Light in the Attic,£51.77
2026-09-25 20:48:29,A Light in the Attic,£51.77
2026-09-25 20:48:31,A Light in the Attic,£51.77
2026-09-25 20:48:32,A Light in the Attic,£51.77
2026-09-25 20:51:11,A Light in the Attic,£51.77
2026-09-25 20:51:12,Tipping the Velvet,£53.74
2026-09-25 20:51:13,Soumission,£50.10
2026-09-25 20:51:22,A Light in the Attic,£51.77
2026-09-25 20:51:23,Tipping the Velvet,£53.74
2026-09-25 20:51:23,Soumission,£50.10
2026-09-25 20:51:27,A Light in the Attic,£51.77
2026-09-25 20:51:27,Tipping the Velvet,£53.74
2026-09-25 20:51:29,Soumission,£50.10
2026-09-25 20:51:31,A Light in the Attic,£51.77
2026-09-25 20:51:31,Tipping the Velvet,£53.74
2026-09-25 20:51:32,Soumission,£50.10
